<?xml version="1.0" encoding="UTF-8"?>
<beans xmlns="http://www.springframework.org/schema/beans"
       xmlns:xsi="http://www.w3.org/2001/XMLSchema-instance"
       xmlns:context="http://www.springframework.org/schema/context"
       xsi:schemaLocation="http://www.springframework.org/schema/beans
http://www.springframework.org/schema/beans/spring-beans-3.0.xsd http://www.springframework.org/schema/context http://www.springframework.org/schema/context/spring-context.xsd">

    <context:component-scan base-package="com.lz"/>
    <bean id="environment"
          class="org.springframework.batch.support.SystemPropertyInitializer">
        <property name="defaultValue" value="mysql"/>
        <property name="keyName" value="ENVIRONMENT"/>
    </bean>

    <!-- 引入属性文件 -->
    <bean id="placeholderProperties"
          class="org.springframework.beans.factory.config.PropertyPlaceholderConfigurer"
          depends-on="environment">
        <property name="locations">
            <list>
                <value>classpath:conf/property/${ENVIRONMENT}.properties</value>
                <value>classpath:conf/property/config.properties</value>
                <value>classpath:property/data.properties</value>
                <value>classpath:property/errorCode.properties</value>
            </list>
        </property>
        <property name="systemPropertiesModeName" value="SYSTEM_PROPERTIES_MODE_OVERRIDE"/>
        <property name="ignoreUnresolvablePlaceholders" value="true"/>
        <property name="order" value="1"/>
    </bean>

    <!-- 引入xml文件 -->
    <!-- mybatis -->
    <import resource="classpath:conf/spring-mybatis.xml"/>
    <import resource="classpath:batchconf/batch-root.xml"/>
    <!-- 管理job用bean -->
    <import resource="classpath:batchconf/batch-beans.xml"/>
    <!--spring mail 邮件发送配置-->
    <import resource="spring-mail.xml"/>

    <bean id="dataProperties" class="org.springframework.beans.factory.config.PropertiesFactoryBean">
        <property name="location">
            <value>classpath:property/data.properties</value>
        </property>
    </bean>
    <bean id="errorCodeProperties" class="org.springframework.beans.factory.config.PropertiesFactoryBean">
        <property name="location">
            <value>classpath:property/errorCode.properties</value>
        </property>
    </bean>
    <bean id="userProperties" class="org.springframework.beans.factory.config.PropertiesFactoryBean">
        <property name="location">
            <value>classpath:property/errorCode.properties</value>
        </property>
    </bean>

</beans>
