<?xml version="1.0" encoding="UTF-8"?>
<beans xmlns="http://www.springframework.org/schema/beans"
	xmlns:task="http://www.springframework.org/schema/task"
	xmlns:xsi="http://www.w3.org/2001/XMLSchema-instance" 
	xmlns:context="http://www.springframework.org/schema/context"
	xsi:schemaLocation="
http://www.springframework.org/schema/beans
http://www.springframework.org/schema/beans/spring-beans-3.0.xsd
http://www.springframework.org/schema/context
http://www.springframework.org/schema/context/spring-context-3.0.xsd
http://www.springframework.org/schema/task
http://www.springframework.org/schema/task/spring-task-3.1.xsd
">

	<!-- 引入属性文件 -->
	<!-- <context:property-placeholder location="classpath:conf/config.properties" /> -->
	<!-- 自动扫描(自动注入) -->
	<!-- <context:component-scan base-package="com.lzjff.core.ac.account.service" /> -->
	
	<!-- <context:annotation-config/>  
    <bean class="org.springframework.beans.factory.annotation.AutowiredAnnotationBeanPostProcessor"/>  
    <context:component-scan base-package="com.lzjff.core.ac.account.service"/>
    
	<bean class="com.lzjff.core.ac.qzjob.ApplicationContextHolder" lazy-init="false"/> -->
	
	<!-- 注意:这里的参数(如用户名、密码)都是针对邮件发送者的 -->  
    <bean id="mailSender"  
  class="org.springframework.mail.javamail.JavaMailSenderImpl">  
        <property name="host">  
            <value>smtp.exmail.qq.com</value>  
        </property>  
        <property name="javaMailProperties">  
            <props>  
                <prop key="mail.smtp.auth">true</prop>  
                <prop key="mail.smtp.timeout">25000</prop>  
            </props>  
        </property>  
        <property name="username">  
            <value>liudehai@junrongdai.com</value>  
        </property>  
        <property name="password">  
            <value>liu3344521</value>  
        </property>  
    </bean>  
	
</beans>
